{"metadata": {"product_name": "OpenShift Container Platform", "product_version": "4.13", "topic": "Contains information on builds, pipelines and GitOps for OpenShift Container Platform ", "title1": "Chapter\u00a02.\u00a0Builds", "title2": "2.1.\u00a0Understanding image builds", "title3": "2.1.1.\u00a0Builds"}, "documnet": "[test-<name>]name=test-<number>baseurl = https://satellite.../content/dist/rhel/server/7/7Server/x86_64/osenabled=1gpgcheck=0sslverify=0sslclientkey = /etc/pki/entitlement/...-key.pemsslclientcert = /etc/pki/entitlement/....pem"}