{"metadata": {"product_name": "OpenShift Container Platform", "product_version": "4.13", "topic": "Contains information on builds, pipelines and GitOps for OpenShift Container Platform ", "title1": "Chapter\u00a02.\u00a0Builds", "title2": "2.1.\u00a0Understanding image builds", "title3": "2.1.1.\u00a0Builds"}, "documnet": "The ImageChangeTriggerStatus that has the most recent lastTriggerTime triggered the most recent build. You use its name and namespace to identify the image change trigger in buildConfig.spec.triggers that triggered the build."}