{"metadata": {"product_name": "OpenShift Container Platform", "product_version": "4.13", "topic": "Contains information on builds, pipelines and GitOps for OpenShift Container Platform ", "title1": "Chapter\u00a05.\u00a0Jenkins", "title2": "5.1.\u00a0Configuring Jenkins images", "title3": "5.1.1.\u00a0Configuration and customization"}, "documnet": "Setting this value overrides the image used for the java-builder container in the java-builder sample Kubernetes plugin pod templates provided with this image. Otherwise, the image from the java:latest image stream tag in the openshift namespace is used."}