{"metadata": {"product_name": "OpenShift Container Platform", "product_version": "4.13", "topic": "Contains information on builds, pipelines and GitOps for OpenShift Container Platform ", "title1": "Chapter\u00a05.\u00a0Jenkins", "title2": "5.1.\u00a0Configuring Jenkins images", "title3": "5.1.1.\u00a0Configuration and customization"}, "documnet": "apiVersion: tekton.dev/v1beta1kind: Taskmetadata:  name: myprojectd-deployspec:  workspaces:  - name: source  steps:  - image: my-deploy-image    command: [\"make deploy\"]    workingDir: $(workspaces.source.path)"}