{"metadata": {"product_name": "OpenShift Container Platform", "product_version": "4.13", "topic": "Contains information on builds, pipelines and GitOps for OpenShift Container Platform ", "title1": "Chapter\u00a02.\u00a0Builds", "title2": "2.1.\u00a0Understanding image builds", "title3": "2.1.1.\u00a0Builds"}, "documnet": "kind: \"BuildConfig\"apiVersion: \"v1\"metadata:  name: \"sample-pipeline\"spec:  strategy:    jenkinsPipelineStrategy:      jenkinsfile: |-        node('agent') {          stage 'build'          openshiftBuild(buildConfig: 'ruby-sample-build', showBuildLogs: 'true')          stage 'deploy'          openshiftDeploy(deploymentConfig: 'frontend')        }"}