{"metadata": {"product_name": "OpenShift Container Platform", "product_version": "4.13", "topic": "Contains information on builds, pipelines and GitOps for OpenShift Container Platform ", "title1": "Chapter\u00a05.\u00a0Jenkins", "title2": "5.1.\u00a0Configuring Jenkins images", "title3": "5.1.1.\u00a0Configuration and customization"}, "documnet": "apiVersion: tekton.dev/v1beta1kind: Pipelinemetadata:  name: myproject-pipelinespec:  workspaces:  - name: shared-dir  tasks:  - name: build    taskRef:      name: myproject-build    workspaces:    - name: source      workspace: shared-dir  - name: test    taskRef:      name: myproject-test    workspaces:    - name: source      workspace: shared-dir  - name: deploy    taskRef:      name: myproject-deploy    workspaces:    - name: source      workspace: shared-dir"}