{"metadata": {"product_name": "OpenShift Container Platform", "product_version": "4.13", "topic": "Contains information on builds, pipelines and GitOps for OpenShift Container Platform ", "title1": "Chapter\u00a02.\u00a0Builds", "title2": "2.1.\u00a0Understanding image builds", "title3": "2.1.1.\u00a0Builds"}, "documnet": "apiVersion: build.openshift.io/v1kind: BuildConfigmetadata:  name: my-csi-bc  namespace: my-csi-app-namespacespec:  runPolicy: Serial  source:    dockerfile: |      FROM registry.redhat.io/ubi9/ubi:latest      RUN ls -la /etc/pki/entitlement      RUN rm /etc/rhsm-host      RUN yum repolist --disablerepo=*      RUN subscription-manager repos --enable rhocp-4.9-for-rhel-8-x86_64-rpms      RUN yum -y update      RUN yum install -y openshift-clients.x86_64  strategy:    type: Docker    dockerStrategy:      volumes:        - mounts:            - destinationPath: \"/etc/pki/entitlement\"          name: my-csi-shared-secret          source:            csi:              driver: csi.sharedresource.openshift.io              readOnly: true              volumeAttributes:                sharedSecret: my-share-bc            type: CSI"}