{"metadata": {"product_name": "OpenShift Container Platform", "product_version": "4.13", "topic": "Contains information on builds, pipelines and GitOps for OpenShift Container Platform ", "title1": "Chapter\u00a02.\u00a0Builds", "title2": "2.1.\u00a0Understanding image builds", "title3": "2.1.1.\u00a0Builds"}, "documnet": "The lastTriggerTime with the most recent timestamp signifies the ImageChangeTriggerStatus of the last build. This ImageChangeTriggerStatus has the same name and namespace as the image change trigger in buildConfig.spec.triggers that triggered the build."}