{"metadata": {"product_name": "OpenShift Container Platform", "product_version": "4.13", "topic": "Contains information on builds, pipelines and GitOps for OpenShift Container Platform ", "title1": "Chapter\u00a02.\u00a0Builds", "title2": "2.1.\u00a0Understanding image builds", "title3": "2.1.1.\u00a0Builds"}, "documnet": "You can replace the FROM instruction of the Dockerfile with the from of the BuildConfig object. If the Dockerfile uses multi-stage builds, the image in the last FROM instruction will be replaced."}