{"metadata": {"product_name": "OpenShift Container Platform", "product_version": "4.13", "topic": "Contains information on builds, pipelines and GitOps for OpenShift Container Platform ", "title1": "Chapter\u00a05.\u00a0Jenkins", "title2": "5.1.\u00a0Configuring Jenkins images", "title3": "5.1.1.\u00a0Configuration and customization"}, "documnet": "Jenkins agent pods, are deleted by default after the build completes or is stopped. This behavior can be changed by the Kubernetes plugin pod retention setting. Pod retention can be set for all Jenkins builds, with overrides for each pod template. The following behaviors are supported:"}