{"metadata": {"product_name": "OpenShift Container Platform", "product_version": "4.13", "topic": "Contains information on builds, pipelines and GitOps for OpenShift Container Platform ", "title1": "Chapter\u00a02.\u00a0Builds", "title2": "2.1.\u00a0Understanding image builds", "title3": "2.1.1.\u00a0Builds"}, "documnet": "Limit resource use by specifying resource limits as part of the build configuration. ** In the following example, each of the resources, cpu, and memory parameters are optional:"}