{"metadata": {"product_name": "OpenShift Container Platform", "product_version": "4.13", "topic": "Contains information on builds, pipelines and GitOps for OpenShift Container Platform ", "title1": "Chapter\u00a02.\u00a0Builds", "title2": "2.1.\u00a0Understanding image builds", "title3": "2.1.1.\u00a0Builds"}, "documnet": "The benefit of using image stream tags this way is that doing so grants access to the UBI based on the registry.redhat.io credentials in the install pull secret without exposing the pull secret to other users. This is more convenient than requiring each developer to install pull secrets with registry.redhat.io credentials in each project."}