{"metadata": {"product_name": "OpenShift Container Platform", "product_version": "4.13", "topic": "Contains information on builds, pipelines and GitOps for OpenShift Container Platform ", "title1": "Chapter\u00a05.\u00a0Jenkins", "title2": "5.1.\u00a0Configuring Jenkins images", "title3": "5.1.1.\u00a0Configuration and customization"}, "documnet": "kind: ConfigMapapiVersion: v1metadata:  name: jenkins-agent  labels:    role: jenkins-agentdata:  template1: |-    <org.csanchez.jenkins.plugins.kubernetes.PodTemplate>      <inheritFrom></inheritFrom>      <name>template1</name>      <instanceCap>2147483647</instanceCap>      <idleMinutes>0</idleMinutes>      <label>template1</label>      <serviceAccount>jenkins</serviceAccount>      <nodeSelector></nodeSelector>      <volumes/>      <containers>        <org.csanchez.jenkins.plugins.kubernetes.ContainerTemplate>          <name>jnlp</name>          <image>openshift/jenkins-agent-maven-35-centos7:v3.10</image>          <privileged>false</privileged>          <alwaysPullImage>true</alwaysPullImage>          <workingDir>/tmp</workingDir>          <command></command>          <args>${computer.jnlpmac} ${computer.name}</args>          <ttyEnabled>false</ttyEnabled>          <resourceRequestCpu></resourceRequestCpu>          <resourceRequestMemory></resourceRequestMemory>          <resourceLimitCpu></resourceLimitCpu>          <resourceLimitMemory></resourceLimitMemory>          <envVars/>        </org.csanchez.jenkins.plugins.kubernetes.ContainerTemplate>      </containers>      <envVars/>      <annotations/>      <imagePullSecrets/>      <nodeProperties/>    </org.csanchez.jenkins.plugins.kubernetes.PodTemplate>"}