{"metadata": {"product_name": "OpenShift Container Platform", "product_version": "4.13", "topic": "Contains information on builds, pipelines and GitOps for OpenShift Container Platform ", "title1": "Chapter\u00a05.\u00a0Jenkins", "title2": "5.1.\u00a0Configuring Jenkins images", "title3": "5.1.1.\u00a0Configuration and customization"}, "documnet": "If you use the example template for Jenkins that is provided by OpenShift Container Platform, the jenkins service account is defined with the edit role for the project Jenkins runs in, and the master Jenkins pod has that service account mounted."}