{"metadata": {"product_name": "OpenShift Container Platform", "product_version": "4.13", "topic": "Contains information on builds, pipelines and GitOps for OpenShift Container Platform ", "title1": "Chapter\u00a02.\u00a0Builds", "title2": "2.1.\u00a0Understanding image builds", "title3": "2.1.1.\u00a0Builds"}, "documnet": "The from field has the following fields of note:  kind: For image change triggers, the only supported value is ImageStreamTag.  namespace: You use this field to specify the namespace of the ImageStreamTag. ** name: You use this field to specify the ImageStreamTag."}