{"metadata": {"product_name": "OpenShift Container Platform", "product_version": "4.13", "topic": "Contains information on builds, pipelines and GitOps for OpenShift Container Platform ", "title1": "Chapter\u00a05.\u00a0Jenkins", "title2": "5.1.\u00a0Configuring Jenkins images", "title3": "5.1.1.\u00a0Configuration and customization"}, "documnet": "Each new image in the ocp-tools-4 repository in the registry.redhat.io registry supports multiple versions of OpenShift Container Platform. When Red Hat updates one of these new images, it is simultaneously available for all versions. This availability is ideal when Red Hat updates an image in response to a security advisory. Initially, this change applies to OpenShift Container Platform 4.11 and later. It is planned that this change will eventually apply to OpenShift Container Platform 4.9 and later."}