{"metadata": {"product_name": "OpenShift Container Platform", "product_version": "4.13", "topic": "Contains information on builds, pipelines and GitOps for OpenShift Container Platform ", "title1": "Chapter\u00a02.\u00a0Builds", "title2": "2.1.\u00a0Understanding image builds", "title3": "2.1.1.\u00a0Builds"}, "documnet": "If you require this capability in order to build and push images, add the Buildah tool your custom build image and use it to build and push the image within your custom build logic. The following is an example of how to run custom builds with Buildah."}