{"metadata": {"product_name": "OpenShift Container Platform", "product_version": "4.13", "topic": "Contains information on builds, pipelines and GitOps for OpenShift Container Platform ", "title1": "Chapter\u00a02.\u00a0Builds", "title2": "2.1.\u00a0Understanding image builds", "title3": "2.1.1.\u00a0Builds"}, "documnet": "Alternatively, you can start your pipeline with the OpenShift Container Platform web console by navigating to the Builds \u2192 Pipeline section and clicking Start Pipeline, or by visiting the Jenkins Console, navigating to the Pipeline that you created, and clicking Build Now."}