{"metadata": {"product_name": "OpenShift Container Platform", "product_version": "4.13", "topic": "Contains information on builds, pipelines and GitOps for OpenShift Container Platform ", "title1": "Chapter\u00a05.\u00a0Jenkins", "title2": "5.1.\u00a0Configuring Jenkins images", "title3": "5.1.1.\u00a0Configuration and customization"}, "documnet": "By default, any other processes run in the Jenkins agent container, such as shell scripts or oc commands run from pipelines, cannot use more than the remaining 50% memory limit without provoking an OOM kill."}