{"metadata": {"product_name": "OpenShift Container Platform", "product_version": "4.13", "topic": "Contains information on builds, pipelines and GitOps for OpenShift Container Platform ", "title1": "Chapter\u00a02.\u00a0Builds", "title2": "2.1.\u00a0Understanding image builds", "title3": "2.1.1.\u00a0Builds"}, "documnet": "Jenkins images on OpenShift Container Platform are fully supported and users should follow Jenkins user documentation for defining their jenkinsfile in a job or store it in a Source Control Management system."}