{"metadata": {"product_name": "OpenShift Container Platform", "product_version": "4.13", "topic": "Contains information on builds, pipelines and GitOps for OpenShift Container Platform ", "title1": "Chapter\u00a02.\u00a0Builds", "title2": "2.1.\u00a0Understanding image builds", "title3": "2.1.1.\u00a0Builds"}, "documnet": "spec:  output:    to:      kind: \"ImageStreamTag\"      name: \"my-image:latest\"    imageLabels:    - name: \"vendor\"      value: \"MyCompany\"    - name: \"authoritative-source-url\"      value: \"registry.mycompany.com\""}