{"metadata": {"product_name": "OpenShift Sandboxed Containers", "product_version": "1.4", "topic": "For Red Hat OpenShift", "title1": "Chapter\u00a01.\u00a0OpenShift sandboxed containers 1.4 release notes", "title2": "1.1.\u00a0About this release", "title3": "1.2.1.\u00a0Peer pods support for OpenShift sandboxed containers (Technology Preview)"}, "documnet": "Security, bug fix, and enhancement updates for OpenShift sandboxed containers 4.13 are released as asynchronous errata through the Red Hat Network. All Red Hat OpenShift 4.13 errata are available on the Red Hat Customer Portal. For more information about asynchronous errata, see the Red Hat OpenShift Life Cycle."}