{"metadata": {"product_name": "OpenShift Sandboxed Containers", "product_version": "1.4", "topic": "For Red Hat OpenShift", "title1": "Chapter\u00a03.\u00a0Deploying OpenShift sandboxed containers workloads using peer pods", "title2": "3.1.\u00a0Prerequisites", "title3": "3.1.1.\u00a0Resource requirements for peer-pods in OpenShift sandboxed containers"}, "documnet": "apiVersion: apps/v1kind: Deploymentmetadata:  name: example  namespace: openshift-sandboxed-containers-operatorspec:  selector:    matchLabels:      app: httpd  replicas: 3  template:    metadata:      labels:        app: httpd    spec:      runtimeClassName: kata-remote-cc      containers:        - name: httpd          image: >-            image-registry.openshift-image-registry.svc:5000/openshift/httpd:latest          ports:            - containerPort: 8080"}