{"metadata": {"product_name": "OpenShift Sandboxed Containers", "product_version": "1.4", "topic": "For Red Hat OpenShift", "title1": "Chapter\u00a01.\u00a0OpenShift sandboxed containers 1.4 release notes", "title2": "1.1.\u00a0About this release", "title3": "1.2.1.\u00a0Peer pods support for OpenShift sandboxed containers (Technology Preview)"}, "documnet": "When using peer pods with OpenShift sandboxed containers, the kata-remote-cc runtime class is created when you create the KataConfig CR and set the enablePeerPods field to true. As a result, users should see the kata-remote-cc runtime class in the KataConfig CR, in addition to the kata runtime class, and users should technically be able to run both standard Kata pods and peer-pod Kata pods on the same cluster."}