{"metadata": {"product_name": "OpenShift Sandboxed Containers", "product_version": "1.4", "topic": "For Red Hat OpenShift", "title1": "Chapter\u00a03.\u00a0Deploying OpenShift sandboxed containers workloads using peer pods", "title2": "3.1.\u00a0Prerequisites", "title3": "3.1.1.\u00a0Resource requirements for peer-pods in OpenShift sandboxed containers"}, "documnet": "When creating a ConfigMap for AWS, you must set the AMI ID. You can retrieve this value before you create the ConfigMap. Retrieving this value must be done using the CLI. For more information, see Creating a peer-pod ConfigMap for AWS using the CLI."}