{"metadata": {"product_name": "OpenShift Sandboxed Containers", "product_version": "1.4", "topic": "For Red Hat OpenShift", "title1": "Chapter\u00a03.\u00a0Deploying OpenShift sandboxed containers workloads using peer pods", "title2": "3.1.\u00a0Prerequisites", "title3": "3.1.1.\u00a0Resource requirements for peer-pods in OpenShift sandboxed containers"}, "documnet": "kataConfigPoolSelector: By default, kata-remote-cc is installed as a RuntimeClass on all nodes. If you want to install kata-remote-cc as a RuntimeClass only on selected nodes, you must add a matchExpression:"}