{"metadata": {"product_name": "OpenShift Sandboxed Containers", "product_version": "1.4", "topic": "For Red Hat OpenShift", "title1": "Chapter\u00a03.\u00a0Deploying OpenShift sandboxed containers workloads using peer pods", "title2": "3.1.\u00a0Prerequisites", "title3": "3.1.1.\u00a0Resource requirements for peer-pods in OpenShift sandboxed containers"}, "documnet": "Kata for peer pods is installed on all worker nodes by default. If you want to install kata-remote-cc as a RuntimeClass only on specific nodes, you can add labels to those nodes, then define the label in the KataConfig CR when you create it."}