{"metadata": {"product_name": "OpenShift Sandboxed Containers", "product_version": "1.4", "topic": "For Red Hat OpenShift", "title1": "Chapter\u00a01.\u00a0OpenShift sandboxed containers 1.4 release notes", "title2": "1.1.\u00a0About this release", "title3": "1.2.1.\u00a0Peer pods support for OpenShift sandboxed containers (Technology Preview)"}, "documnet": "Previously, users could not install OpenShift sandboxed containers on a disconnected cluster. The pull specification of the kata-monitor container image used a tag instead of a digest. This prevented the image from being mirrored with the ImageContentSourcePolicy resource."}