{"metadata": {"product_name": "OpenShift Sandboxed Containers", "product_version": "1.4", "topic": "For Red Hat OpenShift", "title1": "Chapter\u00a01.\u00a0OpenShift sandboxed containers 1.4 release notes", "title2": "1.1.\u00a0About this release", "title3": "1.2.1.\u00a0Peer pods support for OpenShift sandboxed containers (Technology Preview)"}, "documnet": "Users can now deploy OpenShift sandboxed containers workloads using peer pods on either AWS or Microsoft Azure. This enables users to circumvent the need for nested virtualization. This feature is in Technology Preview and not fully supported. For more information, see Deploying OpenShift sandboxed containers workloads using peer pods."}