{"metadata": {"product_name": "OpenShift Sandboxed Containers", "product_version": "1.4", "topic": "For Red Hat OpenShift", "title1": "Chapter\u00a01.\u00a0OpenShift sandboxed containers 1.4 release notes", "title2": "1.1.\u00a0About this release", "title3": "1.2.1.\u00a0Peer pods support for OpenShift sandboxed containers (Technology Preview)"}, "documnet": "QEMU warning and error logs now print to both the node journal, the Kata runtime logs, and the CRI-O logs. For more information, see Viewing debug logs for OpenShift sandboxed containers."}