{"metadata": {"product_name": "OpenShift Sandboxed Containers", "product_version": "1.4", "topic": "For Red Hat OpenShift", "title1": "Chapter\u00a01.\u00a0OpenShift sandboxed containers 1.4 release notes", "title2": "1.1.\u00a0About this release", "title3": "1.2.1.\u00a0Peer pods support for OpenShift sandboxed containers (Technology Preview)"}, "documnet": "With this release, the CSV spec.relatedImages section has been updated to ensure that all container images in the OpenShift sandboxed containers Operator are included. As a result, all container pull specifications now utilize digests instead of tags, enabling the installation of OpenShift sandboxed containers in disconnected environments."}