{"metadata": {"product_name": "OpenShift Sandboxed Containers", "product_version": "1.4", "topic": "For Red Hat OpenShift", "title1": "Chapter\u00a01.\u00a0OpenShift sandboxed containers 1.4 release notes", "title2": "1.1.\u00a0About this release", "title3": "1.2.1.\u00a0Peer pods support for OpenShift sandboxed containers (Technology Preview)"}, "documnet": "In this case, the installation starts on the control plane nodes because the Operator assumes it is a converged cluster where nodes have both control plane and worker roles. The status section of the kataConfig CR is not updated during the installation. (KATA-1017)"}