{"metadata": {"product_name": "OpenShift Sandboxed Containers", "product_version": "1.4", "topic": "For Red Hat OpenShift", "title1": "Chapter\u00a01.\u00a0OpenShift sandboxed containers 1.4 release notes", "title2": "1.1.\u00a0About this release", "title3": "1.2.1.\u00a0Peer pods support for OpenShift sandboxed containers (Technology Preview)"}, "documnet": "If you are using OpenShift sandboxed containers, you might receive SELinux denials when accessing files or directories mounted from the hostPath volume in an Red Hat OpenShift cluster. These denials can occur even when running privileged sandboxed containers because privileged sandboxed containers do not disable SELinux checks."}