{"metadata": {"product_name": "OpenShift Sandboxed Containers", "product_version": "1.4", "topic": "For Red Hat OpenShift", "title1": "Chapter\u00a01.\u00a0OpenShift sandboxed containers 1.4 release notes", "title2": "1.1.\u00a0About this release", "title3": "1.2.1.\u00a0Peer pods support for OpenShift sandboxed containers (Technology Preview)"}, "documnet": "As a cluster admin, when you examine the KataConfig CR, you will only find kata in the Status.runtimeClass field. The runtime class kata-remote-cc does not appear. Currently, there is no workaround for this issue."}